Team 1 VS Team 2,Team 1,Team 2,Winner,Margin,Ground,Match Date,Scorecard,Match Link,Ground Link
Australia VS Sri Lanka,Australia,Sri Lanka,Sri Lanka,7 wickets,Lahore,"Mar 17, 1996",ODI # 1083,https://www.espncricinfo.com/series/wills-world-cup-1995-96-60981/australia-vs-sri-lanka-final-65192/full-scorecard,https://www.espncricinfo.com/cricket-grounds/gaddafi-stadium-lahore-58967
Australia VS West Indies,Australia,West Indies,Australia,5 runs,Mohali,"Mar 14, 1996",ODI # 1082,https://www.espncricinfo.com/series/wills-world-cup-1995-96-60981/australia-vs-west-indies-2nd-semi-final-65191/full-scorecard,https://www.espncricinfo.com/cricket-grounds/i-s-bindra-punjab-cricket-association-stadium-57991
India VS Sri Lanka,India,Sri Lanka,Sri Lanka,-,Eden Gardens,"Mar 13, 1996",ODI # 1081,https://www.espncricinfo.com/series/wills-world-cup-1995-96-60981/india-vs-sri-lanka-1st-semi-final-65190/full-scorecard,https://www.espncricinfo.com/cricket-grounds/eden-gardens-kolkata-57980
Australia VS New Zealand,Australia,New Zealand,Australia,6 wickets,Chennai,"Mar 11, 1996",ODI # 1080,https://www.espncricinfo.com/series/wills-world-cup-1995-96-60981/australia-vs-new-zealand-4th-qf-65189/full-scorecard,https://www.espncricinfo.com/cricket-grounds/ma-chidambaram-stadium-chepauk-chennai-58008
South Africa VS West Indies,South Africa,West Indies,West Indies,19 runs,Karachi,"Mar 11, 1996",ODI # 1079,https://www.espncricinfo.com/series/wills-world-cup-1995-96-60981/south-africa-vs-west-indies-3rd-qf-65188/full-scorecard,https://www.espncricinfo.com/cricket-grounds/national-stadium-karachi-58956
India VS Pakistan,India,Pakistan,India,39 runs,Bengaluru,"Mar 9, 1996",ODI # 1078,https://www.espncricinfo.com/series/wills-world-cup-1995-96-60981/india-vs-pakistan-2nd-qf-65187/full-scorecard,https://www.espncricinfo.com/cricket-grounds/m-chinnaswamy-stadium-bengaluru-57897
England VS Sri Lanka,England,Sri Lanka,Sri Lanka,5 wickets,Faisalabad,"Mar 9, 1996",ODI # 1077,https://www.espncricinfo.com/series/wills-world-cup-1995-96-60981/england-vs-sri-lanka-1st-qf-65186/full-scorecard,https://www.espncricinfo.com/cricket-grounds/iqbal-stadium-faisalabad-58927
Pakistan VS New Zealand,Pakistan,New Zealand,Pakistan,46 runs,Lahore,"Mar 6, 1996",ODI # 1076,https://www.espncricinfo.com/series/wills-world-cup-1995-96-60981/pakistan-vs-new-zealand-30th-match-65185/full-scorecard,https://www.espncricinfo.com/cricket-grounds/gaddafi-stadium-lahore-58967
Sri Lanka VS Kenya,Sri Lanka,Kenya,Sri Lanka,144 runs,Kandy,"Mar 6, 1996",ODI # 1074,https://www.espncricinfo.com/series/wills-world-cup-1995-96-60981/sri-lanka-vs-kenya-28th-match-65183/full-scorecard,https://www.espncricinfo.com/cricket-grounds/asgiriya-stadium-kandy-59329
India VS Zimbabwe,India,Zimbabwe,India,40 runs,Kanpur,"Mar 6, 1996",ODI # 1075,https://www.espncricinfo.com/series/wills-world-cup-1995-96-60981/india-vs-zimbabwe-29th-match-65184/full-scorecard,https://www.espncricinfo.com/cricket-grounds/green-park-kanpur-58204
Netherlands VS South Africa,Netherlands,South Africa,South Africa,160 runs,Rawalpindi,"Mar 5, 1996",ODI # 1073,https://www.espncricinfo.com/series/wills-world-cup-1995-96-60981/netherlands-vs-south-africa-27th-match-65182/full-scorecard,https://www.espncricinfo.com/cricket-grounds/rawalpindi-cricket-stadium-59006
Australia VS West Indies,Australia,West Indies,West Indies,4 wickets,Jaipur,"Mar 4, 1996",ODI # 1072,https://www.espncricinfo.com/series/wills-world-cup-1995-96-60981/australia-vs-west-indies-26th-match-65181/full-scorecard,https://www.espncricinfo.com/cricket-grounds/sawai-mansingh-stadium-jaipur-58162
Pakistan VS England,Pakistan,England,Pakistan,7 wickets,Karachi,"Mar 3, 1996",ODI # 1071,https://www.espncricinfo.com/series/wills-world-cup-1995-96-60981/pakistan-vs-england-25th-match-65180/full-scorecard,https://www.espncricinfo.com/cricket-grounds/national-stadium-karachi-58956
India VS Sri Lanka,India,Sri Lanka,Sri Lanka,6 wickets,Delhi,"Mar 2, 1996",ODI # 1070,https://www.espncricinfo.com/series/wills-world-cup-1995-96-60981/india-vs-sri-lanka-24th-match-65179/full-scorecard,https://www.espncricinfo.com/cricket-grounds/arun-jaitley-stadium-delhi-58040
Netherlands VS U.A.E.,Netherlands,U.A.E.,U.A.E.,7 wickets,Lahore,"Mar 1, 1996",ODI # 1069,https://www.espncricinfo.com/series/wills-world-cup-1995-96-60981/netherlands-vs-united-arab-emirates-23rd-match-65178/full-scorecard,https://www.espncricinfo.com/cricket-grounds/gaddafi-stadium-lahore-58967
Australia VS Zimbabwe,Australia,Zimbabwe,Australia,8 wickets,Nagpur,"Mar 1, 1996",ODI # 1068,https://www.espncricinfo.com/series/wills-world-cup-1995-96-60981/australia-vs-zimbabwe-22nd-match-65177/full-scorecard,https://www.espncricinfo.com/cricket-grounds/vidarbha-c-a-ground-nagpur-58344
Pakistan VS South Africa,Pakistan,South Africa,South Africa,5 wickets,Karachi,"Feb 29, 1996",ODI # 1067,https://www.espncricinfo.com/series/wills-world-cup-1995-96-60981/pakistan-vs-south-africa-21st-match-65176/full-scorecard,https://www.espncricinfo.com/cricket-grounds/national-stadium-karachi-58956
Kenya VS West Indies,Kenya,West Indies,Kenya,73 runs,Pune,"Feb 29, 1996",ODI # 1066,https://www.espncricinfo.com/series/wills-world-cup-1995-96-60981/kenya-vs-west-indies-20th-match-65175/full-scorecard,https://www.espncricinfo.com/cricket-grounds/nehru-stadium-pune-58383
India VS Australia,India,Australia,Australia,16 runs,Wankhede,"Feb 27, 1996",ODI # 1065,https://www.espncricinfo.com/series/wills-world-cup-1995-96-60981/india-vs-australia-19th-match-65174/full-scorecard,https://www.espncricinfo.com/cricket-grounds/wankhede-stadium-mumbai-58324
New Zealand VS U.A.E.,New Zealand,U.A.E.,New Zealand,109 runs,Faisalabad,"Feb 27, 1996",ODI # 1064,https://www.espncricinfo.com/series/wills-world-cup-1995-96-60981/new-zealand-vs-united-arab-emirates-18th-match-65173/full-scorecard,https://www.espncricinfo.com/cricket-grounds/iqbal-stadium-faisalabad-58927
Kenya VS Zimbabwe,Kenya,Zimbabwe,Zimbabwe,5 wickets,Patna,"Feb 27, 1996",ODI # 1063,https://www.espncricinfo.com/series/wills-world-cup-1995-96-60981/kenya-vs-zimbabwe-16th-match-65172/full-scorecard,https://www.espncricinfo.com/cricket-grounds/moin-ul-haq-stadium-patna-58373
Pakistan VS Netherlands,Pakistan,Netherlands,Pakistan,8 wickets,Lahore,"Feb 26, 1996",ODI # 1062,https://www.espncricinfo.com/series/wills-world-cup-1995-96-60981/pakistan-vs-netherlands-17th-match-65171/full-scorecard,https://www.espncricinfo.com/cricket-grounds/gaddafi-stadium-lahore-58967
Kenya VS Zimbabwe,Kenya,Zimbabwe,no result,-,Patna,"Feb 26, 1996",ODI # 1061,https://www.espncricinfo.com/series/wills-world-cup-1995-96-60981/kenya-vs-zimbabwe-16th-match-65170/full-scorecard,https://www.espncricinfo.com/cricket-grounds/moin-ul-haq-stadium-patna-58373
England VS South Africa,England,South Africa,South Africa,78 runs,Rawalpindi,"Feb 25, 1996",ODI # 1060,https://www.espncricinfo.com/series/wills-world-cup-1995-96-60981/england-vs-south-africa-14th-match-65169/full-scorecard,https://www.espncricinfo.com/cricket-grounds/rawalpindi-cricket-stadium-59006
Pakistan VS U.A.E.,Pakistan,U.A.E.,Pakistan,9 wickets,Gujranwala,"Feb 24, 1996",ODI # 1059,https://www.espncricinfo.com/series/wills-world-cup-1995-96-60981/pakistan-vs-united-arab-emirates-13th-match-65168/full-scorecard,https://www.espncricinfo.com/cricket-grounds/jinnah-stadium-gujranwala-58930
Australia VS Kenya,Australia,Kenya,Australia,97 runs,Visakhapatnam,"Feb 23, 1996",ODI # 1058,https://www.espncricinfo.com/series/wills-world-cup-1995-96-60981/australia-vs-kenya-12th-match-65167/full-scorecard,https://www.espncricinfo.com/cricket-grounds/indira-priyadarshini-stadium-visakhapatnam-58542
England VS Netherlands,England,Netherlands,England,49 runs,Peshawar,"Feb 22, 1996",ODI # 1057,https://www.espncricinfo.com/series/wills-world-cup-1995-96-60981/england-vs-netherlands-11th-match-65166/full-scorecard,https://www.espncricinfo.com/cricket-grounds/arbab-niaz-stadium-peshawar-58988
India VS West Indies,India,West Indies,India,5 wickets,Gwalior,"Feb 21, 1996",ODI # 1056,https://www.espncricinfo.com/series/wills-world-cup-1995-96-60981/india-vs-west-indies-10th-match-65165/full-scorecard,https://www.espncricinfo.com/cricket-grounds/captain-roop-singh-stadium-gwalior-58119
Sri Lanka VS Zimbabwe,Sri Lanka,Zimbabwe,Sri Lanka,6 wickets,Colombo (SSC),"Feb 21, 1996",ODI # 1055,https://www.espncricinfo.com/series/wills-world-cup-1995-96-60981/sri-lanka-vs-zimbabwe-9th-match-65164/full-scorecard,https://www.espncricinfo.com/cricket-grounds/sinhalese-sports-club-ground-colombo-59308
New Zealand VS South Africa,New Zealand,South Africa,South Africa,5 wickets,Faisalabad,"Feb 20, 1996",ODI # 1054,https://www.espncricinfo.com/series/wills-world-cup-1995-96-60981/new-zealand-vs-south-africa-8th-match-65163/full-scorecard,https://www.espncricinfo.com/cricket-grounds/iqbal-stadium-faisalabad-58927
England VS U.A.E.,England,U.A.E.,England,8 wickets,Peshawar,"Feb 18, 1996",ODI # 1053,https://www.espncricinfo.com/series/wills-world-cup-1995-96-60981/england-vs-united-arab-emirates-7th-match-65162/full-scorecard,https://www.espncricinfo.com/cricket-grounds/arbab-niaz-stadium-peshawar-58988
India VS Kenya,India,Kenya,India,7 wickets,Cuttack,"Feb 18, 1996",ODI # 1052,https://www.espncricinfo.com/series/wills-world-cup-1995-96-60981/india-vs-kenya-6th-match-65161/full-scorecard,https://www.espncricinfo.com/cricket-grounds/barabati-stadium-cuttack-58027
Netherlands VS New Zealand,Netherlands,New Zealand,New Zealand,119 runs,Vadodara,"Feb 17, 1996",ODI # 1051,https://www.espncricinfo.com/series/wills-world-cup-1995-96-60981/netherlands-vs-new-zealand-4th-match-65160/full-scorecard,https://www.espncricinfo.com/cricket-grounds/reliance-stadium-vadodara-58516
West Indies VS Zimbabwe,West Indies,Zimbabwe,West Indies,6 wickets,Hyderabad (Deccan),"Feb 16, 1996",ODI # 1050,https://www.espncricinfo.com/series/wills-world-cup-1995-96-60981/west-indies-vs-zimbabwe-3rd-match-65159/full-scorecard,https://www.espncricinfo.com/cricket-grounds/lal-bahadur-shastri-stadium-hyderabad-58136
South Africa VS U.A.E.,South Africa,U.A.E.,South Africa,169 runs,Rawalpindi,"Feb 16, 1996",ODI # 1049,https://www.espncricinfo.com/series/wills-world-cup-1995-96-60981/south-africa-vs-united-arab-emirates-2nd-match-65158/full-scorecard,https://www.espncricinfo.com/cricket-grounds/rawalpindi-cricket-stadium-59006
England VS New Zealand,England,New Zealand,New Zealand,11 runs,Ahmedabad,"Feb 14, 1996",ODI # 1048,https://www.espncricinfo.com/series/wills-world-cup-1995-96-60981/england-vs-new-zealand-1st-match-65157/full-scorecard,https://www.espncricinfo.com/cricket-grounds/narendra-modi-stadium-motera-ahmedabad-57851
